{
    "LabelColor": {
        "r": 1.0,
        "g": 1.0,
        "b": 1.0,
        "a": 1.0
    },
    "FoldersData": {
        "Keys": [
            "41433494c1d76c147a471513c63f9d7e"
        ],
        "Values": [
            {
                "_guid": "41433494c1d76c147a471513c63f9d7e",
                "_isScene": false,
                "_color": {
                    "r": 0.40297427773475649,
                    "g": 0.699999988079071,
                    "b": 0.21000000834465028,
                    "a": 0.699999988079071
                },
                "_recursive": false,
                "_tag": "asd",
                "_desc": ""
            }
        ]
    }
}